ALTERDATA;NORMALIZADO;ITEM;PCG;QUANTIDADE
ADVOGADO(A);ADVOGADO;SEM EPI;SEM MAPEAMENTO NO PCG;0
AGENTE DE PORTARIA;AGENTE DE PORTARIA;Mįscara N95;PCG UNIVERSAL;1
ANALISTA ADMINISTRATIVO;ANALISTA ADMINISTRATIVO;Mįscara N95;PCG UNIVERSAL;1
ANALISTA CSL;ANALISTA CSL;SEM EPI;SEM MAPEAMENTO NO PCG;0
ANALISTA DE ABASTECIMENTO;ANALISTA DE ABASTECIMENTO;Mįscara N95;CENTRAL DE ABASTECIMENTO HOSPITALAR - CAHOSP;1
ANALISTA DE ATENDIMENTO;ANALISTA DE ATENDIMENTO;SEM EPI;SEM MAPEAMENTO NO PCG;0
ANALISTA DE CONTABILIDADE;ANALISTA DE CONTABILIDADE;SEM EPI;SEM MAPEAMENTO NO PCG;0
ANALISTA DE CONTRATACAO;ANALISTA DE CONTRATAĒĆO;SEM EPI;SEM MAPEAMENTO NO PCG;0
ANALISTA DE CONTRATOS DE GESTAO;ANALISTA DE CONTRATOS DE GESTĆO;SEM EPI;SEM MAPEAMENTO NO PCG;0
ANALISTA DE ENGENHARIA;ANALISTA DE ENGENHARIA;SEM EPI;SEM MAPEAMENTO NO PCG;0
ANALISTA DE EXPEDIĒĆO;ANALISTA DE EXPEDIĒĆO;Mįscara N95;PCG UNIVERSAL;1
ANALISTA DE GESTAO INTEGRADA;ANALISTA DE GESTĆO INTEGRADA;SEM EPI;SEM MAPEAMENTO NO PCG;0
ANALISTA DE MEIO AMBIENTE;ANALISTA DE MEIO AMBIENTE;SEM EPI;SEM MAPEAMENTO NO PCG;0
ANALISTA DE OUVIDORIA;ANALISTA DE OUVIDORIA;SEM EPI;SEM MAPEAMENTO NO PCG;0
ANALISTA DE RECEBIMENTO E EXPEDIĒĆO;ANALISTA DE RECEBIMENTO E EXPEDIĒĆO;Mįscara N95;PCG UNIVERSAL;1
ANALISTA DE SEGURANCA DO TRABALHO;ANALISTA DE SEGURANĒA DO TRABALHO;SEM EPI;SEM MAPEAMENTO NO PCG;0
ANALISTA DE TESTE;ANALISTA DE TESTE;SEM EPI;SEM MAPEAMENTO NO PCG;0
ANALISTA DE TI;ANALISTA DE TI;Mįscara N95;PCG UNIVERSAL;1
ANALISTA FINANCEIRO;ANALISTA FINANCEIRO;SEM EPI;SEM MAPEAMENTO NO PCG;0
ANALISTA JURIDICO;ANALISTA JURĶDICO;SEM EPI;SEM MAPEAMENTO NO PCG;0
ANALISTA JURIDICO CSL;ANALISTA JURĶDICO CSL;SEM EPI;SEM MAPEAMENTO NO PCG;0
ANALISTA TECNICO (A) DE RESIDENCIA;ANALISTA TÉCNICO DE RESIDŹNCIA;Mįscara N95;PCG UNIVERSAL;1
ARQUITETO URBANISTA;ARQUITETO URBANISTA;SEM EPI;SEM MAPEAMENTO NO PCG;0
ARQUITETO(A) DE PLANEJAMENTO;ARQUITETO DE PLANEJAMENTO;SEM EPI;SEM MAPEAMENTO NO PCG;0
ARTESĆO;ARTESĆO;Mįscara N95;PCG UNIVERSAL;1
ARTESĆO;ARTESĆO;Luva Nitrķlica;PCG UNIVERSAL;1
ASSESSOR (A) ADMINISTRATIVO N1;ASSESSOR ADMINISTRATIVO I;Mįscara N95;PCG UNIVERSAL;1
ASSESSOR (A) ADMINISTRATIVO N2;ASSESSOR ADMINISTRATIVO II;Mįscara N95;PCG UNIVERSAL;1
ASSESSOR (A) ADMINISTRATIVO N3;ASSESSOR ADMINISTRATIVO III;Mįscara N95;PCG UNIVERSAL;1
ASSESSOR (A) CLINICO N1;ASSESSOR CLĶNICO I;SEM EPI;SEM MAPEAMENTO NO PCG;0
ASSESSOR (A) CLINICO N2;ASSESSOR CLĶNICO II;SEM EPI;SEM MAPEAMENTO NO PCG;0
ASSESSOR (A) CLINICO N3;ASSESSOR CLĶNICO III;SEM EPI;SEM MAPEAMENTO NO PCG;0
ASSESSOR (A) DA DIRETORIA ADM N2;ASSESSOR DA DIRETORIA ADM II;SEM EPI;SEM MAPEAMENTO NO PCG;0
ASSESSOR (A) DE COMUNICAĒĆO N1;ASSESSOR DE COMUNICAĒĆO I;SEM EPI;SEM MAPEAMENTO NO PCG;0
ASSESSOR (A) DE COMUNICAĒĆO N2;ASESSOR DE COMUNICAĒĆO II;SEM EPI;SEM MAPEAMENTO NO PCG;0
ASSESSOR (A) DE CONT INTERNO FIN N1;ASESSOR DE CONTROLE INTERNO FINANCEIRO I;SEM EPI;SEM MAPEAMENTO NO PCG;0
ASSESSOR (A) DE DESENVOLVIMENTO N1;ASSESSOR DE DESENVOLVIMENTO I;SEM EPI;SEM MAPEAMENTO NO PCG;0
ASSESSOR (A) DE GOVERNANĒA N1;ASSESSOR DE GOVERNANĒA I;SEM EPI;SEM MAPEAMENTO NO PCG;0
ASSESSOR (A) DE PLANEJAMENTO N1;ASSESSOR DE PLANEJAMENTO I;SEM EPI;SEM MAPEAMENTO NO PCG;0
ASSESSOR (A) DE PLANEJAMENTO N2;ASSESSOR DE PLANEJAMENTO II;SEM EPI;SEM MAPEAMENTO NO PCG;0
ASSESSOR (A) DO GABINETE N1;ASSESSOR DE GABINETE I;SEM EPI;SEM MAPEAMENTO NO PCG;0
ASSESSOR (A) DO GABINETE N2;ASSESSOR DE GABINETE II;SEM EPI;SEM MAPEAMENTO NO PCG;0
ASSESSOR (A) DO GABINETE N3;ASSESSOR DE GABINETE III;SEM EPI;SEM MAPEAMENTO NO PCG;0
ASSESSOR (A) FINANCEIRO N1;ASSESSOR FINANCEIRO I;SEM EPI;SEM MAPEAMENTO NO PCG;0
ASSESSOR (A) FINANCEIRO N2;ASSESSOR FINANCEIRO II;SEM EPI;SEM MAPEAMENTO NO PCG;0
ASSESSOR (A) JURIDICO N1;ASSESSOR JURĶDICO I;SEM EPI;SEM MAPEAMENTO NO PCG;0
ASSESSOR (A) JURIDICO N2;ASSESSOR JURĶDICO II;SEM EPI;SEM MAPEAMENTO NO PCG;0
ASSESSOR(A) ASSISTENCIAL N1;ASSESSOR ASSISTENCIAL I;SEM EPI;SEM MAPEAMENTO NO PCG;0
ASSESSOR(A) DE ANALISE DE DADOS;ASSESSOR DE ANĮLISE DE DADOS;SEM EPI;SEM MAPEAMENTO NO PCG;0
ASSESSOR(A) DE AUDITORIA INTER N2;ASSESSOR DE AUDITORIA INTERNA II;SEM EPI;SEM MAPEAMENTO NO PCG;0
ASSESSOR(A) DE CONTROLE INTER N1;ASSESSOR DE CONTROLE INTERNO I;SEM EPI;SEM MAPEAMENTO NO PCG;0
ASSESSOR(A) DE CONTROLE INTER N2;ASSESSOR DE CONTROLE INTERNO II;SEM EPI;SEM MAPEAMENTO NO PCG;0
ASSESSOR(A) DE DIREĒĆO N1;ASSESSOR DE DIREĒĆO I;SEM EPI;SEM MAPEAMENTO NO PCG;0
ASSESSOR(A) DE ENFERMAGEM N1;ASSESSOR DE ENFERMAGEM I;SEM EPI;SEM MAPEAMENTO NO PCG;0
ASSESSOR(A) DE ENG AMBIENTAL N2;ASSESSOR DE ENGENHARIA AMBIENTAL II;SEM EPI;SEM MAPEAMENTO NO PCG;0
ASSESSOR(A) DE FISIOTERAPIA;ASSESSOR DE FISIOTERAPIA ;SEM EPI;SEM MAPEAMENTO NO PCG;0
ASSESSOR(A) DE NUTRICAO;ASSESSOR DE NUTRIĒĆO;SEM EPI;SEM MAPEAMENTO NO PCG;0
ASSESSOR(A) DE PLANEJ, GOVER E INOV N1;ASSESSOR DE PLANEJ, GOVER E INOVAĒĆO I;SEM EPI;SEM MAPEAMENTO NO PCG;0
ASSESSOR(A) DE PLANEJ, GOVER E INOV N2;ASSESSOR DE PLANEJ, GOVER E INOVAĒĆO II;SEM EPI;SEM MAPEAMENTO NO PCG;0
ASSESSOR(A) DE RELA INSTIT,PARC E INOV N2;ASSESSOR DE RELA INSTIT, PARC E INOVAĒĆO II;SEM EPI;SEM MAPEAMENTO NO PCG;0
ASSESSOR(A) DE RH N1;ASSESSOR DE RH I;Mįscara N95;PCG UNIVERSAL;1
ASSESSOR(A) DE SERVICO SOCIAL;ASSESSOR DE SERVIĒO SOCIAL;SEM EPI;SEM MAPEAMENTO NO PCG;0
ASSESSOR(A) ESPECIAL N1;ASSESSOR ESPECIAL I;SEM EPI;SEM MAPEAMENTO NO PCG;0
ASSESSOR(A) INSTITUCIONAL N1;ASSESSOR INSTITUCIONAL I;SEM EPI;SEM MAPEAMENTO NO PCG;0
ASSESSOR(A) N1;ASSESSOR I;Mįscara N95;PCG UNIVERSAL;1
ASSESSOR(A) N2;ASSESSOR II;Mįscara N95;PCG UNIVERSAL;1
ASSESSOR(A) PROJETOS N2;ASSESSOR DE PROJETOS II;SEM EPI;SEM MAPEAMENTO NO PCG;0
ASSESSOR(A) TECNICO DE REGULACAO N2;ASSESSOR TÉCNICO DE REGULAĒĆO II;Mįscara N95;PCG UNIVERSAL;1
ASSESSOR(A) TECNICO N1;ASSESSOR TÉCNICO I;Mįscara N95;PCG UNIVERSAL;1
ASSESSOR(A) TECNICO N2;ASSESSOR TÉCNICO II;Mįscara N95;PCG UNIVERSAL;1
ASSISTENTE ADMINISTRATIVO;ASSISTENTE ADMINISTRATIVO;Mįscara N95;PCG UNIVERSAL;1
ASSISTENTE DE CONTABILIDADE;ASSISTENTE DE CONTABILIDADE;SEM EPI;SEM MAPEAMENTO NO PCG;0
ASSISTENTE DE CONTROLE INTERNO FINANCEIRO;ASSISTENTE DE CONTROLE INTERNO FINANCEIRO;SEM EPI;SEM MAPEAMENTO NO PCG;0
ASSISTENTE DE COZINHA;ASSISTENTE DE COZINHA;Mįscara N95;PCG UNIVERSAL;1
ASSISTENTE DE ESTRATEGIA E INDICADORES;ASSISTENTE DE ESTRATEGIA E INDICADORES;SEM EPI;SEM MAPEAMENTO NO PCG;0
ASSISTENTE DE MEIO AMBIENTE;ASSISTENTE DE MEIO AMBIENTE;SEM EPI;SEM MAPEAMENTO NO PCG;0
ASSISTENTE DE NECROPSIA/REMOVEDOR;ASSISTENTE DE NECROPSIA / REMOVEDOR;Mįscara N95;PCG UNIVERSAL;1
ASSISTENTE DE NECROPSIA/REMOVEDOR;ASSISTENTE DE NECROPSIA / REMOVEDOR;Bota PVC;PCG UNIVERSAL;1
ASSISTENTE DE RECRUTAMENTO E SELEĒĆO;ASSISTENTE DE RECRUTAMENTO E SELEĒĆO;SEM EPI;SEM MAPEAMENTO NO PCG;0
ASSISTENTE DE RELACOES TRABALHISTAS;ASSISTENTE DE RELAĒÕES TRABALHISTAS;SEM EPI;SEM MAPEAMENTO NO PCG;0
ASSISTENTE FINANCEIRO;ASSISTENTE FINANCEIRO;SEM EPI;SEM MAPEAMENTO NO PCG;0
ASSISTENTE INSTITUCIONAL;ASSISTENTE INSTITUCIONAL;SEM EPI;SEM MAPEAMENTO NO PCG;0
ASSISTENTE SOCIAL;ASSISTENTE SOCIAL;Mįscara N95;PCG UNIVERSAL;1
ATENDENTE DE CONSULTÓRIO;ATENDENTE DE CONSULTÓRIO;Mįscara N95;PCG UNIVERSAL;1
AUXILIAR ADMINISTRATIVO;AUXILIAR ADMINISTRATIVO;Mįscara N95;PCG UNIVERSAL;1
AUXILIAR DE ALMOXARIFADO;AUXILIAR DE ALMOXARIFADO;Mįscara N95;PCG UNIVERSAL;1
AUXILIAR DE ARQUITETURA;AUXILIAR DE ARQUITETURA;SEM EPI;SEM MAPEAMENTO NO PCG;0
AUXILIAR DE FARMĮCIA;AUXILIAR DE FARMĮCIA;Mįscara N95;PCG UNIVERSAL;1
AUXILIAR DE FATURAMENTO;AUXILIAR DE FATURAMENTO;SEM EPI;SEM MAPEAMENTO NO PCG;0
AUXILIAR DE HOTELARIA;AUXILIAR DE HOTELARIA;Mįscara N95;PCG UNIVERSAL;1
AUXILIAR DE LABORATORIO DE ANALISES CLINICAS;AUXILIAR DE LABORATÓRIO DE ANĮLISES CLĶNICAS;Mįscara N95;PCG UNIVERSAL;1
AUXILIAR DE LABORATORIO DE ANALISES CLINICAS;AUXILIAR DE LABORATÓRIO DE ANĮLISES CLĶNICAS;Luva Lįtex;PCG UNIVERSAL;1
AUXILIAR DE MANUTENCAO;AUXILIAR DE MANUTENĒĆO;Mįscara N95;PCG UNIVERSAL;1
AUXILIAR DE NECROPSIA;AUXILIAR DE NECROPSIA;Mįscara N95;PCG UNIVERSAL;1
AUXILIAR DE NECROPSIA;AUXILIAR DE NECROPSIA;Bota PVC;PCG UNIVERSAL;1
AUXILIAR DE ROUPARIA;AUXILIAR DE ROUPARIA;Luva de Lįtex;PCG UNIVERSAL;1
AUXILIAR DE ROUPARIA;AUXILIAR DE ROUPARIA;Óculos de proteēćo;PCG UNIVERSAL;1
AUXILIAR DE ROUPARIA;AUXILIAR DE ROUPARIA;Avental de PVC;PCG UNIVERSAL;1
AUXILIAR DE ROUPARIA;AUXILIAR DE ROUPARIA;Bota de PVC;PCG UNIVERSAL;1
AUXILIAR DE SERVICOS GERAIS;AUXILIAR DE SERVIĒOS GERAIS;Mįscara N95;PCG UNIVERSAL;1
AUXILIAR DE SERVICOS GERAIS;AUXILIAR DE SERVIĒOS GERAIS;Bota de PVC;HOSPITAL REGIONAL TIMBIRAS;1
AUXILIAR DE SERVICOS GERAIS;AUXILIAR DE SERVIĒOS GERAIS;Avental de PVC;HOSPITAL REGIONAL TIMBIRAS;1
AUXILIAR DE SERVICOS GERAIS;AUXILIAR DE SERVIĒOS GERAIS;Óculos de proteēćo;HOSPITAL REGIONAL TIMBIRAS;1
AUXILIAR DE SERVICOS GERAIS;AUXILIAR DE SERVIĒOS GERAIS;Luva de Lįtex;HOSPITAL REGIONAL TIMBIRAS;1
AUXILIAR DE SERVICOS GERAIS;AUXILIAR DE SERVIĒOS GERAIS;Bota de PVC;HOSPITAL REGIONAL DE ALTO ALEGRE DO MARANHĆO;1
AUXILIAR DE SERVICOS GERAIS;AUXILIAR DE SERVIĒOS GERAIS;Avental de PVC;HOSPITAL REGIONAL DE ALTO ALEGRE DO MARANHĆO;1
AUXILIAR DE SERVICOS GERAIS;AUXILIAR DE SERVIĒOS GERAIS;Óculos de proteēćo;HOSPITAL REGIONAL DE ALTO ALEGRE DO MARANHĆO;1
AUXILIAR DE SERVICOS GERAIS;AUXILIAR DE SERVIĒOS GERAIS;Luva de Lįtex;HOSPITAL REGIONAL DE ALTO ALEGRE DO MARANHĆO;1
BIOMEDICO;BIOMÉDICO;Luva de Lįtex;PCG UNIVERSAL;1
BIOMEDICO;BIOMÉDICO;Mįscara N95;PCG UNIVERSAL;1
BIOQUIMICO;BIOQUĶMICO;Luva de Lįtex;PCG UNIVERSAL;1
BIOQUIMICO;BIOQUĶMICO;Mįscara N95;PCG UNIVERSAL;1
BIOQUIMICO/BIOMEDICO;BIOQUĶMICO/BIOMÉDICO;Luva de Lįtex;PCG UNIVERSAL;1
BIOQUIMICO/BIOMEDICO;BIOQUĶMICO/BIOMÉDICO;Mįscara N95;PCG UNIVERSAL;1
BOMBEIRO CIVIL;BOMBEIRO CIVIL;Mįscara N95;PCG UNIVERSAL;1
BOMBEIRO CIVIL;BOMBEIRO CIVIL;Talabarte de Seguranēa;PCG UNIVERSAL;1
BOMBEIRO CIVIL;BOMBEIRO CIVIL;Cinto de Seguranēa;PCG UNIVERSAL;1
CHEFE DA ASSESSORIA ESPECIAL DA PRESIDŹNCIA;CHEFE DA ASSESSORIA ESPECIAL DA PRESIDŹNCIA;SEM EPI;SEM MAPEAMENTO NO PCG;0
CHEFE DA AUDITORIA INTERNA;CHEFE DA AUDITORIA INTERNA;SEM EPI;SEM MAPEAMENTO NO PCG;0
CHEFE DE GABINETE;CHEFE DE GABINETE;SEM EPI;SEM MAPEAMENTO NO PCG;0
CHEFE DO NUCLEO DE CONTROLE INTERNO DA GESTAO;CHEFE DO NŚCLEO DE CONTROLE INTERNO DA GESTĆO;SEM EPI;SEM MAPEAMENTO NO PCG;0
CHEFE(A) DO DEPARTAMENTO JURIDICO;CHEFE DO DEPARTAMENTO JURĶDICO;SEM EPI;SEM MAPEAMENTO NO PCG;0
CONSULTOR (A) ADMINISTRATIVO;CONSULTOR ADMINISTRATIVO;SEM EPI;SEM MAPEAMENTO NO PCG;0
CONSULTOR (A) DE ABASTECIMENTO;CONSULTOR DE ABASTECIMENTO;Mįscara N95;PCG UNIVERSAL;1
CONSULTOR (A) DE COMPRA HOSPITALAR;CONSULTOR DE COMPRA HOSPITALAR;Mįscara N95;PCG UNIVERSAL;1
CONSULTOR (A) DE COMPRAS;CONSULTOR DE COMPRAS;SEM EPI;SEM MAPEAMENTO NO PCG;0
CONSULTOR (A) DE CONTABILIDADE;CONSULTOR DE CONTABILIDADE;SEM EPI;SEM MAPEAMENTO NO PCG;0
CONSULTOR (A) DE CONTRATOS;CONSULTOR DE CONTRATOS;SEM EPI;SEM MAPEAMENTO NO PCG;0
CONSULTOR (A) DE CONTRATOS DE GESTAO;CONSULTOR DE CONTRATOS DE GESTĆO;SEM EPI;SEM MAPEAMENTO NO PCG;0
CONSULTOR (A) DE CONTROLE INTERNO FINANCEIRO;CONSULTOR DE CONTROLE INTERNO FINANCEIRO;SEM EPI;SEM MAPEAMENTO NO PCG;0
CONSULTOR (A) DE DESENVOLVIMENTO DE PARCEIROS;CONSULTOR DE DESENVOLVIMENTO DE PARCEIROS;SEM EPI;SEM MAPEAMENTO NO PCG;0
CONSULTOR (A) DE DESENVOLVIMENTO ORGANIZACIONAL;CONSULTOR DE DESENVOLVIMENTO ORGANIZACIONAL;SEM EPI;SEM MAPEAMENTO NO PCG;0
CONSULTOR (A) DE GESTAO DE CUSTOS;CONSULTOR DE GESTĆO DE CUSTOS;SEM EPI;SEM MAPEAMENTO NO PCG;0
CONSULTOR (A) DE MONITORAMENTO E AVALIACAO;CONSULTOR DE MONITORAMENTO E AVALIAĒĆO;SEM EPI;SEM MAPEAMENTO NO PCG;0
CONSULTOR (A) DE PROCESSOS;CONSULTOR DE PROCESSOS;SEM EPI;SEM MAPEAMENTO NO PCG;0
CONSULTOR (A) DE RECRUTAMENTO E SELECAO;CONSULTOR DE RECRUTAMENTO E SELEĒĆO;SEM EPI;SEM MAPEAMENTO NO PCG;0
CONSULTOR (A) DE RELACOES TRABALHISTAS;CONSULTOR DE RELAĒÕES TRABALHISTAS;SEM EPI;SEM MAPEAMENTO NO PCG;0
CONSULTOR (A) DE TREINAMENTO, DESEN. E EDUCAĒAO;CONSULTOR DE TREINAMENTO, DESEN. E EDUCAĒĆO;SEM EPI;SEM MAPEAMENTO NO PCG;0
CONSULTOR DE EDUCACAO RESIDENCIA E PESQUISA;CONSULTOR DE EDUCAĒĆO RESIDENCIA E PESQUISA;SEM EPI;SEM MAPEAMENTO NO PCG;0
CONSULTOR(A) DA ASSESSORIA INSTITUCIONAL;CONSULTOR DA ASSESSORIA INSTITUCIONAL;SEM EPI;SEM MAPEAMENTO NO PCG;0
CONSULTOR(A) DE ADMINISTRACAO DE BENEFICIOS;CONSULTOR DE ADMINISTRAĒĆO DE BENEFĶCIOS;SEM EPI;SEM MAPEAMENTO NO PCG;0
CONSULTOR(A) DE ESTRATEGIA E INDICADORES;CONSULTOR DE ESTRATÉGIA E INDICADORES;SEM EPI;SEM MAPEAMENTO NO PCG;0
COORD. DE CONTROLE DE QUALIDADE DE CICLO DE SANGUE;COORDENADOR DE CONTROLE DE QUALIDADE DE CICLO DE SANGUE;SEM EPI;SEM MAPEAMENTO NO PCG;0
COORDENADOR (A) DE ENFERMAGEM UTI PEDIATRICA;COORDENADOR DE ENFERMAGEM UTI PEDIĮTRICA;Mįscara N95;PCG UNIVERSAL;1
COORDENADOR (A) DE FONOUDIOLOGIA;COORDENADOR DE FONOAUDIOLOGIA;SEM EPI;SEM MAPEAMENTO NO PCG;0
COORDENADOR (A) DE HOTELARIA E ATENDIMENTO;COORDENADOR DE HOTELARIA E ATENDIMENTO;Mįscara N95;PCG UNIVERSAL;1
COORDENADOR (A) DE INFORMATICA;COORDENADOR DE INFORMĮTICA;Mįscara N95;PCG UNIVERSAL;1
COORDENADOR (A) DE INFRAESTRUTURA;COORDENADOR DE INFRAESTRUTURA;SEM EPI;SEM MAPEAMENTO NO PCG;0
COORDENADOR (A) DE LABORATORIO;COORDENADOR DE LABORATÓRIO;Mįscara N95;PCG UNIVERSAL;1
COORDENADOR (A) DE RADIOLOGIA;COORDENADOR DE RADIOLOGIA;Mįscara N95;PCG UNIVERSAL;1
COORDENADOR DE EDUCACAO RESIDENCIA E PESQUISA;COORDENADOR DE EDUCAĒĆO RESIDENCIA E PESQUISA;SEM EPI;SEM MAPEAMENTO NO PCG;0
COORDENADOR DE GESTAO DE FOLHA DE PAGAMENTO;COORDENADOR DE GESTĆO DE FOLHA DE PAGAMENTO;SEM EPI;SEM MAPEAMENTO NO PCG;0
COORDENADOR(A) ADMINISTRATIVO;COORDENADOR ADMINISTRATIVO;Mįscara N95;PCG UNIVERSAL;1
COORDENADOR(A) CENTRAL DE REGULACAO ONCOLOGICA;COORDENADOR CENTRAL DE REGULAĒĆO ONCOLÓGICA;Mįscara N95;PCG UNIVERSAL;1
COORDENADOR(A) DA AGENCIA TRANSFUSIONAL;COORDENADOR DA AGŹNCIA TRANSFUSIONAL;Mįscara N95;PCG UNIVERSAL;1
COORDENADOR(A) DA ASSESSORIA JURIDICA DEGP;COORDENADOR DA ASSESSORIA JURĶDICA DEGP;SEM EPI;SEM MAPEAMENTO NO PCG;0
COORDENADOR(A) DA CAPTACAO DE DOADORES;COORDENADOR DA CAPTAĒĆO DE DOADORES;Mįscara N95;PCG UNIVERSAL;1
COORDENADOR(A) DA CENTRAL DE AMOSTRA;COORDENADOR DA CENTRAL DE AMOSTRA;SEM EPI;SEM MAPEAMENTO NO PCG;0
COORDENADOR(A) DA QUALIDADE ASSISTENCIAL;COORDENADOR DA QUALIDADE ASSISTENCIAL;SEM EPI;SEM MAPEAMENTO NO PCG;0
COORDENADOR(A) DE ABASTECIMENTO;COORDENADOR DE ABASTECIMENTO;SEM EPI;SEM MAPEAMENTO NO PCG;0
COORDENADOR(A) DE ADMINISTRACAO DE BENEFICIOS;COORDENADOR DE ADMINISTRAĒĆO DE BENEFĶCIOS;SEM EPI;SEM MAPEAMENTO NO PCG;0
COORDENADOR(A) DE ALMOXARIFADO;COORDENADOR DE ALMOXARIFADO;Mįscara N95;PCG UNIVERSAL;1
COORDENADOR(A) DE AMBULATORIO;COORDENADOR DE AMBULATÓRIO;Mįscara N95;PCG UNIVERSAL;1
COORDENADOR(A) DE ANALISE DE PROCESSO;COORDENADOR DE ANĮLISE DE PROCESSO;Mįscara N95;PCG UNIVERSAL;1
COORDENADOR(A) DE ASSISTENCIA A SAUDE;COORDENADOR DE ASSISTENCIA A SAŚDE;SEM EPI;SEM MAPEAMENTO NO PCG;0
COORDENADOR(A) DE ATENDIMENTO;COORDENADOR DE ATENDIMENTO;Mįscara N95;PCG UNIVERSAL;1
COORDENADOR(A) DE COMPRAS;COORDENADOR DE COMPRAS;Mįscara N95;PCG UNIVERSAL;1
COORDENADOR(A) DE CONTABILIDADE;COORDENADOR DE CONTABILIDADE;SEM EPI;SEM MAPEAMENTO NO PCG;0
COORDENADOR(A) DE CONTRATOS DE GESTĆO;COORDENADOR DE CONTRATOS DE GESTĆO;SEM EPI;SEM MAPEAMENTO NO PCG;0
COORDENADOR(A) DE CONTROLE INTERNO FINANCEIRO;COORDENADOR DE CONTROLE INTERNO FINANCEIRO;SEM EPI;SEM MAPEAMENTO NO PCG;0
COORDENADOR(A) DE DESENVOLVIMENTO DE PARCEIROS;COORDENADOR DE DESENVOLVIMENTO DE PARCEIROS;SEM EPI;SEM MAPEAMENTO NO PCG;0
COORDENADOR(A) DE DESENVOLVIMENTO ORGANIZACIONAL;COORDENADOR DE DESENVOLVIMENTO ORGANIZACIONAL;SEM EPI;SEM MAPEAMENTO NO PCG;0
COORDENADOR(A) DE DISTRIBUICAO DE HEMOCOMPONENTES;COORDENADOR DE DISTRIBUIĒĆO DE HEMOCOMPONENTES;Mįscara N95;PCG UNIVERSAL;1
COORDENADOR(A) DE ENFERMAGEM;COORDENADOR DE ENFERMAGEM;Mįscara N95;PCG UNIVERSAL;1
COORDENADOR(A) DE ENFERMAGEM CCIH;COORDENADOR DE ENFERMAGEM CCIH;Mįscara N95;PCG UNIVERSAL;1
COORDENADOR(A) DE ENFERMAGEM CENTRO CIRURGICO;COORDENADOR DE ENFERMAGEM CENTRO CIRŚRGICO;Mįscara N95;PCG UNIVERSAL;1
COORDENADOR(A) DE ENFERMAGEM CLINICA CIRURGICA;COORDENADOR DE ENFERMAGEM CLĶNICA CIRŚRGICA;Mįscara N95;PCG UNIVERSAL;1
COORDENADOR(A) DE ENFERMAGEM CLINICA MEDICA;COORDENADOR DE ENFERMAGEM CLĶNICA MÉDICA;SEM EPI;SEM MAPEAMENTO NO PCG;0
COORDENADOR(A) DE ENFERMAGEM CLINICA ORTOPEDICA;COORDENADOR DE ENFERMAGEM CLĶNICA ORTOPÉDICA;SEM EPI;SEM MAPEAMENTO NO PCG;0
COORDENADOR(A) DE ENFERMAGEM DE IMAGEM;COORDENADOR DE ENFERMAGEM DE IMAGEM;Mįscara N95;PCG UNIVERSAL;1
COORDENADOR(A) DE ENFERMAGEM DE MARCAĒĆO;COORDENADOR DE ENFERMAGEM DE MARCAĒĆO;Mįscara N95;PCG UNIVERSAL;1
COORDENADOR(A) DE ENFERMAGEM DE NHE;COORDENADOR DE ENFERMAGEM DE NHE;SEM EPI;SEM MAPEAMENTO NO PCG;0
COORDENADOR(A) DE ENFERMAGEM DE UTI;COORDENADOR DE ENFERMAGEM DE UTI;Mįscara N95;PCG UNIVERSAL;1
COORDENADOR(A) DE ENFERMAGEM DO AMBULATORIO;COORDENADOR DE ENFERMAGEM DO AMBULATÓRIO;Mįscara N95;PCG UNIVERSAL;1
COORDENADOR(A) DE ENFERMAGEM DO NEP;COORDENADOR DE ENFERMAGEM DO NEP;Mįscara N95;PCG UNIVERSAL;1
COORDENADOR(A) DE ENFERMAGEM ESTOMOTERAPIA;COORDENADOR DE ENFERMAGEM ESTOMOTERAPIA;SEM EPI;SEM MAPEAMENTO NO PCG;0
COORDENADOR(A) DE ENFERMAGEM NIR;COORDENADOR DE ENFERMAGEM NIR;Mįscara N95;PCG UNIVERSAL;1
COORDENADOR(A) DE ENFERMAGEM NSP;COORDENADOR DE ENFERMAGEM NSP;Mįscara N95;PCG UNIVERSAL;1
COORDENADOR(A) DE ENFERMAGEM OPME;COORDENADOR DE ENFERMAGEM OPME;Mįscara N95;PCG UNIVERSAL;1
COORDENADOR(A) DE ENFERMAGEM PEDIATRIA;COORDENADOR DE ENFERMAGEM PEDIATRIA;Mįscara N95;PCG UNIVERSAL;1
COORDENADOR(A) DE ENFERMAGEM UTI ADULTO;COORDENADOR DE ENFERMAGEM UTI ADULTO;Mįscara N95;PCG UNIVERSAL;1
COORDENADOR(A) DE ENFERMAGEM UTI CIRURGICA;COORDENADOR DE ENFERMAGEM UTI CIRŚRGICA;Mįscara N95;PCG UNIVERSAL;1
COORDENADOR(A) DE FARMACIA;COORDENADOR DE FARMĮCIA;Mįscara N95;PCG UNIVERSAL;1
COORDENADOR(A) DE FATURAMENTO;COORDENADOR DE FATURAMENTO;Mįscara N95;PCG UNIVERSAL;1
COORDENADOR(A) DE FISIOTERAPIA;COORDENADOR DE FISIOTERAPIA;Mįscara N95;PCG UNIVERSAL;1
COORDENADOR(A) DE FISIOTERAPIA UTI;COORDENADOR DE FISIOTERAPIA UTI;Mįscara N95;PCG UNIVERSAL;1
COORDENADOR(A) DE FOLLOW UP;COORDENADOR DE FOLLOW UP;Mįscara N95;PCG UNIVERSAL;1
COORDENADOR(A) DE FROTA;COORDENADOR DE FROTA;Mįscara N95;PCG UNIVERSAL;1
COORDENADOR(A) DE GESTAO DE CUSTOS;COORDENADOR DE GESTĆO DE CUSTOS;SEM EPI;SEM MAPEAMENTO NO PCG;0
COORDENADOR(A) DE GESTAO INTEGRADA;COORDENADOR DE GESTĆO INTEGRADA;SEM EPI;SEM MAPEAMENTO NO PCG;0
COORDENADOR(A) DE HOTELARIA;COORDENADOR DE HOTELARIA;Mįscara N95;PCG UNIVERSAL;1
COORDENADOR(A) DE INSTALAĒÕES;COORDENADOR DE INSTALAĒÕES;SEM EPI;SEM MAPEAMENTO NO PCG;0
COORDENADOR(A) DE MANUTENĒĆO;COORDENADOR DE MANUTENĒĆO;Mįscara N95;PCG UNIVERSAL;1
COORDENADOR(A) DE MARCAĒAO;COORDENADOR DE MARCAĒĆO;Mįscara N95;PCG UNIVERSAL;1
COORDENADOR(A) DE NUTRICAO;COORDENADOR DE NUTRIĒĆO;Mįscara N95;PCG UNIVERSAL;1
COORDENADOR(A) DE NUTRICAO CLINICA;COORDENADOR DE NUTRIĒĆO CLĶNICA;Mįscara N95;PCG UNIVERSAL;1
COORDENADOR(A) DE PRESTACAO DE CONTAS;COORDENADOR DE PRESTAĒĆO DE CONTAS;SEM EPI;SEM MAPEAMENTO NO PCG;0
COORDENADOR(A) DE PROCESSOS CLINICOS;COORDENADOR DE PROCESSOS CLĶNICOS;SEM EPI;SEM MAPEAMENTO NO PCG;0
COORDENADOR(A) DE PROCESSOS DE ASSISTENCIA A SAUDE;COORDENADOR DE PROCESSOS DE ASSISTŹNCIA Ą SAŚDE;SEM EPI;SEM MAPEAMENTO NO PCG;0
COORDENADOR(A) DE PRODUĒĆO DE HEMOCOMPONENTES;COORDENADOR DE PRODUĒĆO DE HEMOCOMPONENTES;Mįscara N95;PCG UNIVERSAL;1
COORDENADOR(A) DE PROJETOS;COORDENADOR DE PROJETOS;SEM EPI;SEM MAPEAMENTO NO PCG;0
COORDENADOR(A) DE PSICOLOGIA;COORDENADOR DE PSICOLOGIA;SEM EPI;SEM MAPEAMENTO NO PCG;0
COORDENADOR(A) DE REABILITAĒĆO;COORDENADOR DE REABILITAĒĆO;SEM EPI;SEM MAPEAMENTO NO PCG;0
COORDENADOR(A) DE RECRUTAMENTO E SELECAO;COORDENADOR DE RECRUTAMENTO E SELEĒĆO;SEM EPI;SEM MAPEAMENTO NO PCG;0
COORDENADOR(A) DE RECURSOS HUMANOS;COORDENADOR DE RECURSOS HUMANOS;Mįscara N95;PCG UNIVERSAL;1
COORDENADOR(A) DE REGULAĒAO MACRO SUL;COORDENADOR DE REGULAĒĆO MACRO SUL;SEM EPI;SEM MAPEAMENTO NO PCG;0
COORDENADOR(A) DE RELAĒÕES TRABALHISTAS;COORDENADOR DE RELAĒÕES TRABALHISTAS;SEM EPI;SEM MAPEAMENTO NO PCG;0
COORDENADOR(A) DE SEGURANĒA DA REGIONAL NORTE;COORDENADOR DE SEGURANĒA DA REGIONAL NORTE;SEM EPI;SEM MAPEAMENTO NO PCG;0
COORDENADOR(A) DE SEGURANĒA DA REGIONAL SUL;COORDENADOR DE SEGURANĒA DA REGIONAL SUL;SEM EPI;SEM MAPEAMENTO NO PCG;0
COORDENADOR(A) DE SERVICO SOCIAL;COORDENADOR DE SERVIĒO SOCIAL;Mįscara N95;PCG UNIVERSAL;1
COORDENADOR(A) DE SERVIĒOS ASSISTENCIAIS;COORDENADOR DE SERVIĒOS ASSISTENCIAIS;Mįscara N95;PCG UNIVERSAL;1
COORDENADOR(A) DE SERVIĒOS HOSPITALARES;COORDENADOR DE SERVIĒOS HOSPITALARES;SEM EPI;SEM MAPEAMENTO NO PCG;0
COORDENADOR(A) DE SISTEMAS;COORDENADOR DE SISTEMAS;Mįscara N95;PCG UNIVERSAL;1
COORDENADOR(A) DE TECNOLOGIA DA INFORMAĒĆO;COORDENADOR DE TECNOLOGIA DA INFORMAĒĆO;Mįscara N95;PCG UNIVERSAL;1
COORDENADOR(A) DE TERAPIA OCUPACIONAL;COORDENADOR DE TERAPIA OCUPACIONAL;Mįscara N95;PCG UNIVERSAL;1
COORDENADOR(A) DE TERCEIROS;COORDENADOR DE TERCEIROS;SEM EPI;SEM MAPEAMENTO NO PCG;0
COORDENADOR(A) DE UNID. DE ALIMENTACAO E NUTRICAO;COORDENADOR DE UNID. DE ALIMENTAĒĆO E NUTRIĒĆO;Mįscara N95;PCG UNIVERSAL;1
COORDENADOR(A) DO BANCO DE LEITE;COORDENADOR DO BANCO DE LEITE;Mįscara N95;PCG UNIVERSAL;1
COORDENADOR(A) DO DEP. DE BIOLOGIA MOLECULAR;COORDENADOR DO DEP. DE BIOLOGIA MOLECULAR;Mįscara N95;PCG UNIVERSAL;1
COORDENADOR(A) DO NGR;COORDENADOR DO NGR;SEM EPI;SEM MAPEAMENTO NO PCG;0
COORDENADOR(A) DO NŚCLEO DE GESTĆO DA QUALIDADE;COORDENADOR DO NŚCLEO DE GESTĆO DA QUALIDADE;SEM EPI;SEM MAPEAMENTO NO PCG;0
COORDENADOR(A) DO SERVIĒO DE VERIFICAĒĆO DE ÓBITO;COORDENADOR DO SERVIĒO DE VERIFICAĒĆO DE ÓBITO;Mįscara N95;PCG UNIVERSAL;1
COORDENADOR(A) DO SESMT;COORDENADOR DO SESMT;SEM EPI;SEM MAPEAMENTO NO PCG;0
COORDENADOR(A) ENFERMAGEM CEM;COORDENADOR ENFERMAGEM CEM;Mįscara N95;PCG UNIVERSAL;1
COORDENADOR(A) ENFERMAGEM CME;COORDENADOR ENFERMAGEM CME;Mįscara N95;PCG UNIVERSAL;1
COORDENADOR(A) MACRORREGIONAL DE SAUDE;COORDENADOR MACRORREGIONAL DE SAŚDE;SEM EPI;SEM MAPEAMENTO NO PCG;0
COORDENADOR(A) MACRORREGIONAL DE SAUDE GRANDE ILHA;COORDENADOR MACRORREGIONAL DE SAŚDE GRANDE ILHA;SEM EPI;SEM MAPEAMENTO NO PCG;0
COORDENADOR(A) MÉDICO;COORDENADOR MÉDICO;SEM EPI;SEM MAPEAMENTO NO PCG;0
COORDENADOR(A) MULTIDISCIPLINAR;COORDENADOR MULTIDISCIPLINAR;Mįscara N95;PCG UNIVERSAL;1
COORDENADOR(A) MULTIPROFISSIONAL;COORDENADOR MULTIPROFISSIONAL;Mįscara N95;PCG UNIVERSAL;1
COORDENADOR(A) NUCLEO JURIDICO ADMINISTRATIVO;COORDENADOR NŚCLEO JURĶDICO ADMINISTRATIVO;SEM EPI;SEM MAPEAMENTO NO PCG;0
COPEIRO(A);COPEIRO;Mįscara N95;PCG UNIVERSAL;1
COZINHEIRO;COZINHEIRO;Mįscara N95;PCG UNIVERSAL;1
DESENVOLVEDOR DE SISTEMAS;DESENVOLVEDOR DE SISTEMAS;SEM EPI;SEM MAPEAMENTO NO PCG;0
DESENVOLVEDOR DE SISTEMAS BACK- END JUNIOR;DESENVOLVEDOR DE SISTEMAS BACK-END JUNIOR;SEM EPI;SEM MAPEAMENTO NO PCG;0
DESENVOLVEDOR DE SISTEMAS FRONT- END JUNIOR;DESENVOLVEDOR DE SISTEMAS FRONT-END JUNIOR;SEM EPI;SEM MAPEAMENTO NO PCG;0
DESIGN DE UX/UI;DESIGN DE UX/UI;SEM EPI;SEM MAPEAMENTO NO PCG;0
DIRETOR (A) GERAL;DIRETOR GERAL;Mįscara N95;PCG UNIVERSAL;1
DIRETOR DA BIOLOGIA MEDICA;DIRETOR DA BIOLOGIA MÉDICA;Mįscara N95;PCG UNIVERSAL;1
DIRETOR EXECUTIVO DE PLANEJ, GOVERNANĒA E INOVAĒĆO;DIRETOR EXECUTIVO DE PLANEJAMENTO, GOVERNANĒA E INOVAĒĆO;Mįscara N95;PCG UNIVERSAL;1
DIRETOR(A) ADMINISTRATIVO;DIRETOR ADMINISTRATIVO;Mįscara N95;PCG UNIVERSAL;1
DIRETOR(A) DE PLANEJAMENTO E GOVERNANĒA;DIRETOR DE PLANEJAMENTO E GOVERNANĒA;Mįscara N95;PCG UNIVERSAL;1
DIRETOR(A) DO SETOR DE ENGENHARIA;DIRETOR DO SETOR DE ENGENHARIA;SEM EPI;SEM MAPEAMENTO NO PCG;0
DIRETOR(A) EXECUTIVO (A) DE GESTAO DE PESSOAS;DIRETOR EXECUTIVO DE GESTĆO DE PESSOAS;SEM EPI;SEM MAPEAMENTO NO PCG;0
DIRETOR(A) EXECUTIVO CLINICO;DIRETOR EXECUTIVO CLĶNICO;SEM EPI;SEM MAPEAMENTO NO PCG;0
DIRETOR(A) EXECUTIVO DE SSMA;DIRETOR EXECUTIVO DE SSMA;SEM EPI;SEM MAPEAMENTO NO PCG;0
DIRETOR(A) FINANCEIRO;DIRETOR FINANCEIRO;SEM EPI;SEM MAPEAMENTO NO PCG;0
DIRETOR(A) TÉCNICO(A);DIRETOR TÉCNICO;Mįscara N95;PCG UNIVERSAL;1
DIRETOR(A) TECNICO(A) DA AGŹNCIA TRANSFUSIONAL;DIRETOR TÉCNICO DA AGŹNCIA TRANSFUSIONAL;Mįscara N95;PCG UNIVERSAL;1
EDUCADOR FISICO;EDUCADOR FĶSICO;Mįscara N95;PCG UNIVERSAL;1
ENCARREGADO (A) DE FATURAMENTO;ENCARREGADO DE FATURAMENTO;Mįscara N95;PCG UNIVERSAL;1
ENCARREGADO DE COMPRAS E ALMOXARIFADO;ENCARREGADO DE COMPRAS E ALMOXARIFADO;Mįscara N95;PCG UNIVERSAL;1
ENCARREGADO DE HOTELARIA;ENCARREGADO DE HOTELARIA;Mįscara N95;PCG UNIVERSAL;1
ENCARREGADO DE INFORMATICA;ENCARREGADO DE INFORMĮTICA;Mįscara N95;PCG UNIVERSAL;1
ENCARREGADO DE MANUTENĒĆO PREDIAL;ENCARREGADO DE MANUTENĒĆO PREDIAL;Mįscara N95;PCG UNIVERSAL;1
ENCARREGADO DE MANUTENĒĆO PREDIAL;ENCARREGADO DE MANUTENĒĆO PREDIAL;Luva de Lįtex;HOSPITAL MATERNO INFANTIL DE IMPERATRIZ;1
ENCARREGADO DE MANUTENĒĆO PREDIAL;ENCARREGADO DE MANUTENĒĆO PREDIAL;Óculos de proteēćo;HOSPITAL MATERNO INFANTIL DE IMPERATRIZ;1
ENCARREGADO DE MANUTENĒĆO PREDIAL;ENCARREGADO DE MANUTENĒĆO PREDIAL;Avental de PVC;HOSPITAL MATERNO INFANTIL DE IMPERATRIZ;1
ENCARREGADO DE MANUTENĒĆO PREDIAL;ENCARREGADO DE MANUTENĒĆO PREDIAL;Bota de PVC;HOSPITAL MATERNO INFANTIL DE IMPERATRIZ;1
ENCARREGADO DE OFICINA;ENCARREGADO DE OFICINA;Mįscara N95;PCG UNIVERSAL;1
ENCARREGADO DE PORTARIA;ENCARREGADO DE PORTARIA;Mįscara N95;PCG UNIVERSAL;1
ENCARREGADO DE RECEPCAO;ENCARREGADO DE RECEPĒĆO;Mįscara N95;PCG UNIVERSAL;1
ENCARREGADO DE RECURSOS HUMANOS;ENCARREGADO DE RECURSOS HUMANOS;Mįscara N95;PCG UNIVERSAL;1
ENCARREGADO DE ROUPARIA;ENCARREGADO DE ROUPARIA;Mįscara N95;PCG UNIVERSAL;1
ENCARREGADO DE SEGURANCA DO TRABALHO;ENCARREGADO DE SEGURANĒA DO TRABALHO;Mįscara N95;PCG UNIVERSAL;1
ENCARREGADO DE SERVICOS GERAIS;ENCARREGADO DE SERVIĒOS GERAIS;Mįscara N95;PCG UNIVERSAL;1
ENCARREGADO DE TRANSPORTE;ENCARREGADO DE TRANSPORTE;Mįscara N95;PCG UNIVERSAL;1
ENCARREGADO(A) ADMINISTRATIVO;ENCARREGADO ADMINISTRATIVO;Mįscara N95;PCG UNIVERSAL;1
ENCARREGADO(A) DE AGENDAMENTO;ENCARREGADO DE AGENDAMENTO;SEM EPI;SEM MAPEAMENTO NO PCG;0
ENCARREGADO(A) DE ALMOXARIFADO;ENCARREGADO DE ALMOXARIFADO;Mįscara N95;PCG UNIVERSAL;1
ENCARREGADO(A) DE ARMAZENAMENTO;ENCARREGADO DE ARMAZENAMENTO;SEM EPI;SEM MAPEAMENTO NO PCG;0
ENCARREGADO(A) DE ARQUIVO;ENCARREGADO DE ARQUIVO;Mįscara N95;PCG UNIVERSAL;1
ENCARREGADO(A) DE ATENDIMENTO;ENCARREGADO DE ATENDIMENTO;Mįscara N95;PCG UNIVERSAL;1
ENCARREGADO(A) DE FARMACIA;ENCARREGADO DE FARMĮCIA;Mįscara N95;PCG UNIVERSAL;1
ENCARREGADO(A) DE MAQUEIRO;ENCARREGADO DE MAQUEIRO;Mįscara N95;PCG UNIVERSAL;1
ENCARREGADO(A) DE SISTEMAS;ENCARREGADO DE SISTEMAS;Mįscara N95;PCG UNIVERSAL;1
ENCARREGADO(A) DE TECNOLOGIA DA INFORMACAO;ENCARREGADO DE TECNOLOGIA DA INFORMAĒĆO;SEM EPI;SEM MAPEAMENTO NO PCG;0
ENCARREGADO(A) DO SAME;ENCARREGADO DO SAME;SEM EPI;SEM MAPEAMENTO NO PCG;0
ENFERMEIRO (A) SOCORRISTA USA;ENFERMEIRO SOCORRISTA USA;Mįscara N95;PCG UNIVERSAL;1
ENFERMEIRO DE CENTRO CIRURGICO;ENFERMEIRO DE CENTRO CIRŚRGICO;Mįscara N95;PCG UNIVERSAL;1
ENFERMEIRO DE TERAPIA INTENSIVA;ENFERMEIRO DE TERAPIA INTENSIVA;Mįscara N95;PCG UNIVERSAL;1
ENFERMEIRO DE TERAPIA INTENSIVA;ENFERMEIRO DE TERAPIA INTENSIVA;Luva Nitrķlica;HOSPITAL MACRORREGIONAL DE PRESIDENTE DUTRA;1
ENFERMEIRO DE TERAPIA INTENSIVA;ENFERMEIRO DE TERAPIA INTENSIVA;Mįscara 6200;HOSPITAL MACRORREGIONAL DE PRESIDENTE DUTRA;1
ENFERMEIRO DE TERAPIA INTENSIVA;ENFERMEIRO DE TERAPIA INTENSIVA;Mįscara N95;HOSPITAL MACRORREGIONAL DE PRESIDENTE DUTRA;1
ENFERMEIRO DE TERAPIA INTENSIVA ADULTO;ENFERMEIRO DE TERAPIA INTENSIVA ADULTO;Mįscara N95;PCG UNIVERSAL;1
ENFERMEIRO NEFROLOGISTA;ENFERMEIRO NEFROLOGISTA;SEM EPI;SEM MAPEAMENTO NO PCG;0
ENFERMEIRO NEONATOLOGISTA;ENFERMEIRO NEONATOLOGISTA;SEM EPI;SEM MAPEAMENTO NO PCG;0
ENFERMEIRO OBSTETRICO;ENFERMEIRO OBSTÉTRICO;Mįscara N95;PCG UNIVERSAL;1
ENFERMEIRO REGULADOR (A);ENFERMEIRO REGULADOR;Mįscara N95;PCG UNIVERSAL;1
ENFERMEIRO SUPERVISOR (a);ENFERMEIRO SUPERVISOR;Mįscara N95;PCG UNIVERSAL;1
ENFERMEIRO(A);ENFERMEIRO;Mįscara N95;PCG UNIVERSAL;1
ENFERMEIRO(A);ENFERMEIRO;Luva Nitrķlica;HOSPITAL MACRORREGIONAL DE CAXIAS;1
ENFERMEIRO(A);ENFERMEIRO;Mįscara 6200;HOSPITAL MACRORREGIONAL DE CAXIAS;1
ENFERMEIRO(A);ENFERMEIRO;Mįscara N95;HOSPITAL MACRORREGIONAL DE CAXIAS;1
ENFERMEIRO(A) DE ESTOMOTERAPIA;ENFERMEIRO DE ESTOMOTERAPIA;Mįscara N95;PCG UNIVERSAL;1
ENFERMEIRO(A) DO TRABALHO;ENFERMEIRO DO TRABALHO;Mįscara N95;PCG UNIVERSAL;1
ENFERMEIRO(A) URGENCIA E EMERGENCIA;ENFERMEIRO URGŹNCIA E EMERGŹNCIA;Mįscara N95;PCG UNIVERSAL;1
ENFERMEIRO(A) UTI ADULTO;ENFERMEIRO UTI ADULTO;Mįscara N95;PCG UNIVERSAL;1
ENFERMEIRO(A) UTI NEO;ENFERMEIRO UTI NEO;Mįscara N95;PCG UNIVERSAL;1
ENFERMEIRO(A) UTI PEDIATRICA;ENFERMEIRO UTI PEDIĮTRICA;Mįscara N95;PCG UNIVERSAL;1
ENGENHEIRO CIVIL;ENGENHEIRO CIVIL;SEM EPI;SEM MAPEAMENTO NO PCG;0
ENGENHEIRO DE PLANEJAMENTO;ENGENHEIRO DE PLANEJAMENTO;SEM EPI;SEM MAPEAMENTO NO PCG;0
ENGENHEIRO DE SEGURANCA DO TRABALHO;ENGENHEIRO DE SEGURANĒA DO TRABALHO;Mįscara N95;PCG UNIVERSAL;1
ENGENHEIRO MECANICO;ENGENHEIRO MECĀNICO;SEM EPI;SEM MAPEAMENTO NO PCG;0
ENGENHEIRO(A) CLINICO;ENGENHEIRO CLĶNICO;SEM EPI;SEM MAPEAMENTO NO PCG;0
ENGENHEIRO(A) DE MEIO AMBIENTE;ENGENHEIRO DE MEIO AMBIENTE;SEM EPI;SEM MAPEAMENTO NO PCG;0
ENGENHEIRO(A) DE PRODUCAO;ENGENHEIRO DE PRODUĒĆO;SEM EPI;SEM MAPEAMENTO NO PCG;0
ENGENHEIRO(A) ELETRICISTA;ENGENHEIRO ELETRICISTA;Mįscara N95;PCG UNIVERSAL;1
ESPECIALISTA DA HOTELARIA;ESPECIALISTA DA HOTELARIA;SEM EPI;SEM MAPEAMENTO NO PCG;0
ESPECIALISTA DA QUALIDADE;ESPECIALISTA DA QUALIDADE;SEM EPI;SEM MAPEAMENTO NO PCG;1
ESPECIALISTA DE ATENDIMENTO;ESPECIALISTA DE ATENDIMENTO;SEM EPI;SEM MAPEAMENTO NO PCG;2
ESPECIALISTA DE DADOS CLINICOS E ASSISTENCIAIS;ESPECIALISTA DE DADOS CLĶNICOS E ASSISTENCIAIS;SEM EPI;SEM MAPEAMENTO NO PCG;3
ESPECIALISTA DE ENFERMAGEM;ESPECIALISTA DE ENFERMAGEM;SEM EPI;SEM MAPEAMENTO NO PCG;4
ESPECIALISTA DE ENSINO;ESPECIALISTA DE ENSINO;SEM EPI;SEM MAPEAMENTO NO PCG;5
ESPECIALISTA DE SERVICOS EM SAUDE;ESPECIALISTA DE SERVIĒOS EM SAŚDE;SEM EPI;SEM MAPEAMENTO NO PCG;6
ESPECIALISTA EM DOCUMENTACAO SOFTWARE;ESPECIALISTA EM DOCUMENTAĒĆO DE SOFTWARE;SEM EPI;SEM MAPEAMENTO NO PCG;7
ESPECIALISTA EM GESTAO DE PROCESSSOS;ESPECIALISTA EM GESTĆO DE PROCESSOS;SEM EPI;SEM MAPEAMENTO NO PCG;8
ESPECIALISTA EM PLANEJ E QUALIDADE DE ENGENHARIA;ESPECIALISTA EM PLANEJAMENTO E QUALIDADE DE ENGENHARIA;SEM EPI;SEM MAPEAMENTO NO PCG;9
ESPECIALISTA EM SISTEMA DE INFORMACAO;ESPECIALISTA EM SISTEMAS DE INFORMAĒĆO;SEM EPI;SEM MAPEAMENTO NO PCG;10
EXECUTIVO (A) FINANCEIRO;EXECUTIVO FINANCEIRO;SEM EPI;SEM MAPEAMENTO NO PCG;0
FARMACEUTICO;FARMACŹUTICO;Luva de Lįtex;HEMONŚCLEO - PINHEIROS;1
FARMACEUTICO;FARMACŹUTICO;Mįscara N95;HEMONŚCLEO - PINHEIROS;1
FARMACEUTICO;FARMACŹUTICO;Luva de Lįtex;HEMONŚCLEO - SANTA INŹS;1
FARMACEUTICO;FARMACŹUTICO;Mįscara N95;HEMONŚCLEO - SANTA INŹS;1
FARMACEUTICO;FARMACŹUTICO;Luva de Lįtex;HEMONŚCLEO BACABAL;1
FARMACEUTICO;FARMACŹUTICO;Mįscara N95;HEMONŚCLEO BACABAL;1
FARMACEUTICO;FARMACŹUTICO;Luva de Lįtex;LACEN;1
FARMACEUTICO;FARMACŹUTICO;Mįscara N95;LACEN;1
FARMACEUTICO;FARMACŹUTICO;Mįscara N95;PCG UNIVERSAL;1
FARMACEUTICO INDUSTRIAL;FARMACŹUTICO INDUSTRIAL;Mįscara N95;PCG UNIVERSAL;1
FARMACEUTICO/BIOQUIMICO;FARMACŹUTICO/BIOQUĶMICO;Mįscara N95;PCG UNIVERSAL;1
FARMACEUTICO/BIOQUIMICO;FARMACŹUTICO/BIOQUĶMICO;Luva de Lįtex;HEMONŚCLEO - BALSAS;1
FARMACEUTICO/BIOQUIMICO;FARMACŹUTICO/BIOQUĶMICO;Mįscara N95;HEMONŚCLEO - BALSAS;1
FARMACEUTICO/BIOQUIMICO;FARMACŹUTICO/BIOQUĶMICO;Luva de Lįtex;HEMONŚCLEO - CODÓ;1
FARMACEUTICO/BIOQUIMICO;FARMACŹUTICO/BIOQUĶMICO;Mįscara N95;HEMONŚCLEO - CODÓ;1
FARMACEUTICO/BIOQUIMICO;FARMACŹUTICO/BIOQUĶMICO;Luva de Lįtex;LACEN;1
FARMACEUTICO/BIOQUIMICO;FARMACŹUTICO/BIOQUĶMICO;Mįscara N95;LACEN;1
FATURISTA;FATURISTA;Mįscara N95;PCG UNIVERSAL;1
FISIOTERAPEUTA;FISIOTERAPEUTA;Mįscara N95;PCG UNIVERSAL;1
FISIOTERAPEUTA UTI;FISIOTERAPEUTA UTI;Mįscara N95;PCG UNIVERSAL;1
FISIOTERAPEUTA UTI PEDIATRICA;FISIOTERAPEUTA UTI PEDIĮTRICA;Mįscara N95;PCG UNIVERSAL;1
FISIOTERAPEUTA UTI PEDIATRICO E NEONATAL;FISIOTERAPEUTA UTI PEDIĮTRICO E NEONATAL;Mįscara N95;PCG UNIVERSAL;1
FISIOTERAPEUTA UTI-ADULTO;FISIOTERAPEUTA UTI-ADULTO;Mįscara N95;PCG UNIVERSAL;1
FISIOTERAPEUTA UTI-NEO;FISIOTERAPEUTA UTI-NEO;Mįscara N95;PCG UNIVERSAL;1
FONOAUDIOLOGO;FONOAUDIOLOGISTA;Mįscara N95;PCG UNIVERSAL;1
GERENTE ADMINISTRATIVO;GERENTE ADMINISTRATIVO;Mįscara N95;PCG UNIVERSAL;1
GERENTE ASSISTENCIAL DA REGULACAO DE LEITOS;GERENTE ASSISTENCIAL DA REGULAĒĆO DE LEITOS;SEM EPI;SEM MAPEAMENTO NO PCG;0
GERENTE DA CAF;GERENTE DA CAF;SEM EPI;SEM MAPEAMENTO NO PCG;0
GERENTE DA QUALIDADE;GERENTE DA QUALIDADE;Mįscara N95;PCG UNIVERSAL;1
GERENTE DA SAUDE OCUPACIONAL;GERENTE DA SAŚDE OCUPACIONAL;SEM EPI;SEM MAPEAMENTO NO PCG;0
GERENTE DE AUDITORIA INTERNA;GERENTE DE AUDITORIA INTERNA;SEM EPI;SEM MAPEAMENTO NO PCG;0
GERENTE DE COMPRAS E CONTRATOS;GERENTE DE COMPRAS E CONTRATOS;SEM EPI;SEM MAPEAMENTO NO PCG;0
GERENTE DE CONTABILIDADE;GERENTE DE CONTABILIDADE;SEM EPI;SEM MAPEAMENTO NO PCG;0
GERENTE DE CONTROLE INTERNO FINANCEIRO;GERENTE DE CONTROLE INTERNO FINANCEIRO;SEM EPI;SEM MAPEAMENTO NO PCG;0
GERENTE DE DESENVOLVIMENTO DE PARCEIROS;GERENTE DE DESENVOLVIMENTO DE PARCEIROS;SEM EPI;SEM MAPEAMENTO NO PCG;0
GERENTE DE EDUCACAO RESIDENCIA E PESQUISA;GERENTE DE EDUCAĒĆO, RESIDŹNCIA E PESQUISA;SEM EPI;SEM MAPEAMENTO NO PCG;0
GERENTE DE ENFERMAGEM;GERENTE DE ENFERMAGEM;Mįscara N95;PCG UNIVERSAL;1
GERENTE DE ENGENHARIA;GERENTE DE ENGENHARIA;Mįscara N95;PCG UNIVERSAL;1
GERENTE DE ENGENHARIA CLINICA;GERENTE DE ENGENHARIA CLĶNICA;SEM EPI;SEM MAPEAMENTO NO PCG;0
GERENTE DE ESCRITORIO DE PROJETOS;GERENTE DE ESCRITÓRIO DE PROJETOS;SEM EPI;SEM MAPEAMENTO NO PCG;0
GERENTE DE ESTRAT. E INDIC. EM GESTAO DE PESSOAS;GERENTE DE ESTRAT. E INDIC. EM GESTĆO DE PESSOAS;SEM EPI;SEM MAPEAMENTO NO PCG;0
GERENTE DE GESTAO DA QUALIDADE;GERENTE DE GESTĆO DA QUALIDADE;Mįscara N95;PCG UNIVERSAL;1
GERENTE DE GESTĆO DE PESSOAS;GERENTE DE GESTĆO DE PESSOAS;SEM EPI;SEM MAPEAMENTO NO PCG;0
GERENTE DE GESTAO INTEGRADA;GERENTE DE GESTĆO INTEGRADA;SEM EPI;SEM MAPEAMENTO NO PCG;0
GERENTE DE INFRAESTRUTURA;GERENTE DE INFRAESTRUTURA;SEM EPI;SEM MAPEAMENTO NO PCG;0
GERENTE DE LOGISTICA;GERENTE DE LOGĶSTICA;SEM EPI;SEM MAPEAMENTO NO PCG;0
GERENTE DE MEIO AMBIENTE;GERENTE DE MEIO AMBIENTE;SEM EPI;SEM MAPEAMENTO NO PCG;0
GERENTE DE OFICINA;GERENTE DE OFICINA;SEM EPI;SEM MAPEAMENTO NO PCG;0
GERENTE DE OUVIDORIA;GERENTE DE OUVIDORIA;SEM EPI;SEM MAPEAMENTO NO PCG;0
GERENTE DE PLANEJAMENTO;GERENTE DE PLANEJAMENTO;SEM EPI;SEM MAPEAMENTO NO PCG;0
GERENTE DE PLANEJAMENTO DE VIGILANCIA E SAUDE;GERENTE DE PLANEJAMENTO DE VIGILĀNCIA E SAŚDE;SEM EPI;SEM MAPEAMENTO NO PCG;0
GERENTE DE POLĶTICA DE EDUCAĒĆO E CONTROLE;GERENTE DE POLĶTICA DE EDUCAĒĆO E CONTROLE;Mįscara N95;PCG UNIVERSAL;1
GERENTE DE PROCESSOS CLINICOS;GERENTE DE PROCESSOS CLĶNICOS;SEM EPI;SEM MAPEAMENTO NO PCG;0
GERENTE DE PROJETOS E CONTROLE;GERENTE DE PROJETOS E CONTROLE;SEM EPI;SEM MAPEAMENTO NO PCG;0
GERENTE DE RECURSOS HUMANOS;GERENTE DE RECURSOS HUMANOS;Mįscara N95;PCG UNIVERSAL;1
GERENTE DE REGULACAO AMBULATORIAL;GERENTE DE REGULAĒĆO AMBULATORIAL;SEM EPI;SEM MAPEAMENTO NO PCG;0
GERENTE DE RELACOES TRABALHISTAS;GERENTE DE RELAĒÕES TRABALHISTAS;SEM EPI;SEM MAPEAMENTO NO PCG;0
GERENTE DE SEGURANĒA DO TRABALHO;GERENTE DE SEGURANĒA DO TRABALHO;SEM EPI;SEM MAPEAMENTO NO PCG;0
GERENTE DE SERVICO DE ASSISTENCIA FARMACEUTICA;GERENTE DE SERVIĒO DE ASSISTŹNCIA FARMACŹUTICA;Mįscara N95;PCG UNIVERSAL;1
GERENTE DE SERVICOS DE LABORATORIO;GERENTE DE SERVIĒOS DE LABORATÓRIO;SEM EPI;SEM MAPEAMENTO NO PCG;0
GERENTE DE SERVIĒOS E SAUDE;GERENTE DE SERVIĒOS EM SAŚDE;SEM EPI;SEM MAPEAMENTO NO PCG;0
GERENTE DE TECNOLOGIA DA INFORMAĒAO E COMUNICAĒAO;GERENTE DE TECNOLOGIA DA INFORMAĒĆO E COMUNICAĒĆO;SEM EPI;SEM MAPEAMENTO NO PCG;0
GERENTE DE TRANSPORTE SANITARIO TERRESTRE;GERENTE DE TRANSPORTE SANITĮRIO TERRESTRE;SEM EPI;SEM MAPEAMENTO NO PCG;0
GERENTE DE TREINAMENTO E DESENVOLVIMENTO;GERENTE DE TREINAMENTO E DESENVOLVIMENTO;SEM EPI;SEM MAPEAMENTO NO PCG;0
GERENTE DO NIR;GERENTE DO NIR;SEM EPI;SEM MAPEAMENTO NO PCG;0
GERENTE DO NUCLEO DE CONTROLE INTERNO DA GESTAO;GERENTE DO NŚCLEO DE CONTROLE INTERNO DA GESTĆO;SEM EPI;SEM MAPEAMENTO NO PCG;0
GERENTE DO NUCLEO JURIDICO;GERENTE DO NŚCLEO JURĶDICO;SEM EPI;SEM MAPEAMENTO NO PCG;0
GERENTE DO SERVICO DE HEMOTERAPIA;GERENTE DO SERVIĒO DE HEMOTERAPIA;SEM EPI;SEM MAPEAMENTO NO PCG;0
GERENTE FINANCEIRO;GERENTE FINANCEIRO;SEM EPI;SEM MAPEAMENTO NO PCG;0
GERENTE GERAL;GERENTE GERAL;Mįscara N95;PCG UNIVERSAL;1
GERENTE GERAL ADMINISTRATIVO;GERENTE GERAL ADMINISTRATIVO;Mįscara N95;PCG UNIVERSAL;1
GERENTE GERAL CLINICO;GERENTE GERAL CLĶNICO;Mįscara N95;PCG UNIVERSAL;1
GERENTE GERAL DA DIRETORIA DE ENGENHARIA E MANUTEN;GERENTE GERAL DA DIRETORIA DE ENGENHARIA E MANUTENĒĆO;SEM EPI;SEM MAPEAMENTO NO PCG;0
GERENTE GERAL DA DIRETORIA EXECUTIVA FINANCEIRA;GERENTE GERAL DA DIRETORIA EXECUTIVA FINANCEIRA;SEM EPI;SEM MAPEAMENTO NO PCG;0
GERENTE GERAL DE ABASTECIMENTO;GERENTE GERAL DE ABASTECIMENTO;SEM EPI;SEM MAPEAMENTO NO PCG;0
GERENTE GERAL DE ENFERMAGEM;GERENTE GERAL DE ENFERMAGEM;Mįscara N95;PCG UNIVERSAL;1
GERENTE GERAL DE GESTAO DE PESSOAS;GERENTE GERAL DE GESTĆO DE PESSOAS;SEM EPI;SEM MAPEAMENTO NO PCG;0
GERENTE GERAL DE PLANEJAM, GOVERNANĒA E INOVAĒĆO;GERENTE GERAL DE PLANEJAMENTO, GOVERNANĒA E INOVAĒĆO;SEM EPI;SEM MAPEAMENTO NO PCG;0
GERENTE GERAL DE SAUDE, SEGURANĒA E MEIO AMBIENTE;GERENTE GERAL DE SAŚDE, SEGURANĒA E MEIO AMBIENTE;SEM EPI;SEM MAPEAMENTO NO PCG;0
GERENTE MULTIPROFISSIONAL;GERENTE MULTIPROFISSIONAL;SEM EPI;SEM MAPEAMENTO NO PCG;0
GERENTE NUCLEO JURIDICO ADMINISTRATIVO;GERENTE NŚCLEO JURĶDICO ADMINISTRATIVO;SEM EPI;SEM MAPEAMENTO NO PCG;0
GERENTE NUCLEO JURIDICO TRABALHISTA;GERENTE NŚCLEO JURĶDICO TRABALHISTA;SEM EPI;SEM MAPEAMENTO NO PCG;0
GERENTE TECNICO;GERENTE TÉCNICO;Mįscara N95;PCG UNIVERSAL;1
GERENTE(A) DE CONTRATOS DE GESTĆO;GERENTE DE CONTRATOS DE GESTĆO;SEM EPI;SEM MAPEAMENTO NO PCG;0
GERENTE(A) DE LOGISTICA FARMACEUTICO;GERENTE DE LOGĶSTICA FARMACŹUTICO;SEM EPI;SEM MAPEAMENTO NO PCG;0
GERENTE(A) DE MONITORAMENTO E AVALIAĒĆO;GERENTE DE MONITORAMENTO E AVALIAĒĆO;SEM EPI;SEM MAPEAMENTO NO PCG;0
JORNALISTA;JORNALISTA;Mįscara N95;PCG UNIVERSAL;1
JOVEM APRENDIZ;JOVEM APRENDIZ;Mįscara N95;PCG UNIVERSAL;1
LACTARISTA;LACTARISTA;Mįscara N95;PCG UNIVERSAL;1
MAQUEIRO;MAQUEIRO;Mįscara N95;PCG UNIVERSAL;1
MEDICO (A) CLINICO (A);MÉDICO CLĶNICO;Mįscara N95;PCG UNIVERSAL;1
MÉDICO (a) REGULADOR;MÉDICO REGULADOR;Mįscara N95;PCG UNIVERSAL;1
MEDICO CARDIOLOGISTA;MÉDICO CARDIOLOGISTA;Mįscara N95;PCG UNIVERSAL;1
MEDICO DO TRABALHO;MÉDICO DO TRABALHO;Mįscara N95;PCG UNIVERSAL;1
MÉDICO ENDOCRINOLOGISTA;MÉDICO ENDOCRINOLOGISTA;Mįscara N95;PCG UNIVERSAL;1
MEDICO GINECOLOGISTA E OBSTETRA;MÉDICO GINECOLOGISTA E OBSTETRA;Mįscara N95;PCG UNIVERSAL;1
MEDICO HEMATOLOGISTA;MÉDICO HEMATOLOGISTA;Mįscara N95;PCG UNIVERSAL;1
MEDICO HEMATOLOGISTA;MÉDICO HEMATOLOGISTA;Luva Lįtex;PCG UNIVERSAL;1
MEDICO ORTOPEDISTA;MÉDICO ORTOPEDISTA;Mįscara N95;PCG UNIVERSAL;1
MEDICO ORTOPEDISTA E TRAUMATOLOGISTA;MÉDICO ORTOPEDISTA E TRAUMATOLOGISTA;Mįscara N95;PCG UNIVERSAL;1
MEDICO PEDIATRA;MÉDICO PEDIATRA;Mįscara N95;PCG UNIVERSAL;1
MEDICO PSIQUIATRA;MÉDICO PSIQUIATRA;Mįscara N95;PCG UNIVERSAL;1
MEMBRO DA COMISSĆO DE SINDICĀNCIA;MEMBRO DA COMISSĆO DE SINDICĀNCIA;SEM EPI;SEM MAPEAMENTO NO PCG;0
MOTORISTA;MOTORISTA;Luva de Lįtex;LACEN;1
MOTORISTA;MOTORISTA;Mįscara N95;LACEN;1
MOTORISTA;MOTORISTA;Mįscara N95;PCG UNIVERSAL;1
MOTORISTA CATEGORIA D;MOTORISTA CATEGORIA D;Mįscara N95;PCG UNIVERSAL;1
MOTORISTA DA PRESIDENCIA;MOTORISTA DA PRESIDŹNCIA;SEM EPI;SEM MAPEAMENTO NO PCG;0
MOTORISTA DE AMBULANCIA;MOTORISTA DE AMBULĀNCIA;Luva de Lįtex;LACEN;1
MOTORISTA DE AMBULANCIA;MOTORISTA DE AMBULĀNCIA;Mįscara N95;LACEN;1
MOTORISTA DE AMBULANCIA;MOTORISTA DE AMBULĀNCIA;Mįscara N95;PCG UNIVERSAL;1
NUTRICIONISTA;NUTRICIONISTA;Mįscara N95;PCG UNIVERSAL;1
ODONTOLOGO;ODONTÓLOGO;Mįscara N95;PCG UNIVERSAL;1
OPERADOR (A) DO EXAME;OPERADOR DO EXAME;SEM EPI;SEM MAPEAMENTO NO PCG;0
OPERADOR ANALISTA DA REGULAĒĆO AMBULATORIAL;OPERADOR ANALISTA DA REGULAĒĆO AMBULATORIAL;Mįscara N95;PCG UNIVERSAL;1
OPERADOR ANALISTA DE CALL CENTER;OPERADOR ANALISTA DE CALL CENTER;Mįscara N95;PCG UNIVERSAL;1
OPERADOR DE REGULACAO;OPERADOR DE REGULAĒĆO;Mįscara N95;PCG UNIVERSAL;1
OUVIDOR;OUVIDOR;Mįscara N95;PCG UNIVERSAL;1
PREGOEIRO (A);PREGOEIRO;SEM EPI;SEM MAPEAMENTO NO PCG;0
PREGOEIRO CSL;PREGOEIRO CSL;SEM EPI;SEM MAPEAMENTO NO PCG;0
PRESIDENTE DA COMISSĆO DE SINDICĀNCIA;PRESIDENTE DA COMISSĆO DE SINDICĀNCIA;SEM EPI;SEM MAPEAMENTO NO PCG;0
PRESIDENTE DA CSL;PRESIDENTE DA CSL;SEM EPI;SEM MAPEAMENTO NO PCG;0
PRESIDENTE DA EMSERH;PRESIDENTE DA EMSERH;SEM EPI;SEM MAPEAMENTO NO PCG;0
PROJETISTA;PROJETISTA;SEM EPI;SEM MAPEAMENTO NO PCG;0
PSICOLOGO;PSICÓLOGO;Mįscara N95;PCG UNIVERSAL;1
PSICOPEDAGOGO;PSICOPEDAGOGO;Mįscara N95;PCG UNIVERSAL;1
RECEPCIONISTA;RECEPCIONISTA;Mįscara N95;PCG UNIVERSAL;1
SECRETARIO EXECUTIVO - SETOR FINANCEIRO;SECRETĮRIO EXECUTIVO - SETOR FINANCEIRO;SEM EPI;SEM MAPEAMENTO NO PCG;0
SECRETARIO(A);SECRETĮRIO;Mįscara N95;PCG UNIVERSAL;1
SECRETĮRIO(A) DO CONSELHO;SECRETĮRIO DO CONSELHO;SEM EPI;SEM MAPEAMENTO NO PCG;0
SUPERINTENDENTE DE INT. DO TRAB. EDUCAĒĆO NA SAUDE;SUPERINTENDENTE DE INT. DO TRAB. EDUCAĒĆO NA SAŚDE;SEM EPI;SEM MAPEAMENTO NO PCG;0
SUPERVISOR (A) DE ENFERMAGEM CCIH;SUPERVISOR DE ENFERMAGEM CCIH;Mįscara N95;PCG UNIVERSAL;1
SUPERVISOR (A) DE ENFERMAGEM DE UTI;SUPERVISOR DE ENFERMAGEM DE UTI;Mįscara N95;PCG UNIVERSAL;1
SUPERVISOR (A) DE NUTRIĒĆO;SUPERVISOR DE NUTRIĒĆO;Mįscara N95;PCG UNIVERSAL;1
SUPERVISOR (A) DE RECURSOS HUMANOS;SUPERVISOR DE RECURSOS HUMANOS;Mįscara N95;PCG UNIVERSAL;1
SUPERVISOR DE ENFERMAGEM - CCIH/NHE;SUPERVISOR DE ENFERMAGEM CCIH/NHE;Mįscara N95;PCG UNIVERSAL;1
SUPERVISOR DE ENFERMAGEM - NIR;SUPERVISOR DE ENFERMAGEM NIR;Mįscara N95;PCG UNIVERSAL;1
SUPERVISOR DE ENFERMAGEM - URGENCIA;SUPERVISOR DE ENFERMAGEM URGŹNCIA;Mįscara N95;PCG UNIVERSAL;1
SUPERVISOR DE ENFERMAGEM ALAS;SUPERVISOR DE ENFERMAGEM ALAS;Mįscara N95;PCG UNIVERSAL;1
SUPERVISOR DE ENFERMAGEM C.C e CME;SUPERVISOR DE ENFERMAGEM C.C E CME;Mįscara N95;PCG UNIVERSAL;1
SUPERVISOR DE ENFERMAGEM CENTRO CIRURGICO;SUPERVISOR DE ENFERMAGEM CENTRO CIRŚRGICO;Mįscara N95;PCG UNIVERSAL;1
SUPERVISOR DE ENFERMAGEM DE AMBULATÓRIO;SUPERVISOR DE ENFERMAGEM DE AMBULATÓRIO;Mįscara N95;PCG UNIVERSAL;1
SUPERVISOR DE ENFERMAGEM QUALIDADE E VIEP;SUPERVISOR DE ENFERMAGEM QUALIDADE E VIEP;SEM EPI;SEM MAPEAMENTO NO PCG;0
SUPERVISOR DE ENFERMAGEM UTI NEO;SUPERVISOR DE ENFERMAGEM UTI NEO;Mįscara N95;PCG UNIVERSAL;1
SUPERVISOR DE ENSINO;SUPERVISOR DE ENSINO;SEM EPI;SEM MAPEAMENTO NO PCG;0
SUPERVISOR DE FISIOTERAPIA;SUPERVISOR DE FISIOTERAPIA;Mįscara N95;PCG UNIVERSAL;1
SUPERVISOR DE FISIOTERAPIA UTI ADULTO;SUPERVISOR DE FISIOTERAPIA UTI ADULTO;Mįscara N95;PCG UNIVERSAL;1
SUPERVISOR DE MANUTENĒĆO;SUPERVISOR DE MANUTENĒĆO;Mįscara N95;PCG UNIVERSAL;1
SUPERVISOR DE PORTARIA;SUPERVISOR DE PORTARIA;Mįscara N95;PCG UNIVERSAL;1
SUPERVISOR DE RADIOLOGIA;SUPERVISOR DE RADIOLOGIA;Mįscara N95;PCG UNIVERSAL;1
SUPERVISOR(A) ADMINISTRATIVO;SUPERVISOR ADMINISTRATIVO;Mįscara N95;PCG UNIVERSAL;1
SUPERVISOR(A) ADMINSTRATIVO DIARISTA DA UTI;SUPERVISOR ADMINISTRATIVO DIARISTA DA UTI;Mįscara N95;PCG UNIVERSAL;1
SUPERVISOR(A) CEMARC;SUPERVISOR CEMARC;Mįscara N95;PCG UNIVERSAL;1
SUPERVISOR(A) DE ABASTECIMENTO;SUPERVISOR DE ABASTECIMENTO;SEM EPI;SEM MAPEAMENTO NO PCG;0
SUPERVISOR(A) DE ALMOXARIFADO;SUPERVISOR DE ALMOXARIFADO;Mįscara N95;PCG UNIVERSAL;1
SUPERVISOR(A) DE AMBULATÓRIO;SUPERVISOR DE AMBULATÓRIO;Mįscara N95;PCG UNIVERSAL;1
SUPERVISOR(A) DE AMBULATÓRIO SAE;SUPERVISOR DE AMBULATÓRIO SAE;Mįscara N95;PCG UNIVERSAL;1
SUPERVISOR(A) DE ARQUIVO;SUPERVISOR DE ARQUIVO;Mįscara N95;PCG UNIVERSAL;1
SUPERVISOR(A) DE ASSISTENCIA FARMACEUTICA;SUPERVISOR DE ASSISTŹNCIA FARMACŹUTICA;Mįscara N95;PCG UNIVERSAL;1
SUPERVISOR(A) DE ATENDIMENTO;SUPERVISOR DE ATENDIMENTO;Mįscara N95;PCG UNIVERSAL;1
SUPERVISOR(A) DE CONTRATOS;SUPERVISOR DE CONTRATOS;SEM EPI;SEM MAPEAMENTO NO PCG;0
SUPERVISOR(A) DE CUSTO;SUPERVISOR DE CUSTO;SEM EPI;SEM MAPEAMENTO NO PCG;0
SUPERVISOR(A) DE EDUCACAO FISICA;SUPERVISOR DE EDUCAĒĆO FĶSICA;SEM EPI;SEM MAPEAMENTO NO PCG;0
SUPERVISOR(A) DE ENFERMAGEM;SUPERVISOR DE ENFERMAGEM;Mįscara N95;PCG UNIVERSAL;1
SUPERVISOR(A) DE ENFERMAGEM CME;SUPERVISOR DE ENFERMAGEM CME;Mįscara N95;PCG UNIVERSAL;1
SUPERVISOR(A) DE ENFERMAGEM DA EPIDEMIOLOGIA;SUPERVISOR DE ENFERMAGEM DA EPIDEMIOLOGIA;Mįscara N95;PCG UNIVERSAL;1
SUPERVISOR(A) DE ENFERMAGEM DE EMERGŹNCIA;SUPERVISOR DE ENFERMAGEM DE EMERGŹNCIA;Mįscara N95;PCG UNIVERSAL;1
SUPERVISOR(A) DE ENFERMAGEM DE INTERNAĒĆO;SUPERVISOR DE ENFERMAGEM DE INTERNAĒĆO;Mįscara N95;PCG UNIVERSAL;1
SUPERVISOR(A) DE ENFERMAGEM ENFERMARIA;SUPERVISOR DE ENFERMAGEM ENFERMARIA;Mįscara N95;PCG UNIVERSAL;1
SUPERVISOR(A) DE ENFERMAGEM NEP;SUPERVISOR DE ENFERMAGEM NEP;Mįscara N95;PCG UNIVERSAL;1
SUPERVISOR(A) DE ENFERMAGEM NHE;SUPERVISOR DE ENFERMAGEM NHE;Mįscara N95;PCG UNIVERSAL;1
SUPERVISOR(A) DE ENFERMAGEM NSP;SUPERVISOR DE ENFERMAGEM NSP;Mįscara N95;PCG UNIVERSAL;1
SUPERVISOR(A) DE ENFERMAGEM OBSTETRICIA;SUPERVISOR DE ENFERMAGEM OBSTETRĶCIA;Mįscara N95;PCG UNIVERSAL;1
SUPERVISOR(A) DE ENFERMAGEM SPA;SUPERVISOR DE ENFERMAGEM SPA;SEM EPI;SEM MAPEAMENTO NO PCG;0
SUPERVISOR(A) DE FARMACIA;SUPERVISOR DE FARMĮCIA;Mįscara N95;PCG UNIVERSAL;1
SUPERVISOR(A) DE FATURAMENTO;SUPERVISOR DE FATURAMENTO;Mįscara N95;PCG UNIVERSAL;1
SUPERVISOR(A) DE FONOAUDIOLOGIA;SUPERVISOR DE FONOAUDIOLOGIA;Mįscara N95;PCG UNIVERSAL;1
SUPERVISOR(A) DE GESTAO;SUPERVISOR DE GESTĆO;SEM EPI;SEM MAPEAMENTO NO PCG;0
SUPERVISOR(A) DE GESTĆO DE LEITOS;SUPERVISOR DE GESTĆO DE LEITOS;SEM EPI;SEM MAPEAMENTO NO PCG;0
SUPERVISOR(A) DE GESTAO EM SAUDE;SUPERVISOR DE GESTĆO EM SAŚDE;SEM EPI;SEM MAPEAMENTO NO PCG;0
SUPERVISOR(A) DE HOTELARIA;SUPERVISOR DE HOTELARIA;Mįscara N95;PCG UNIVERSAL;1
SUPERVISOR(A) DE LOGISTICA;SUPERVISOR DE LOGĶSTICA;SEM EPI;SEM MAPEAMENTO NO PCG;0
SUPERVISOR(A) DE PATRIMONIO;SUPERVISOR DE PATRIMŌNIO;SEM EPI;SEM MAPEAMENTO NO PCG;0
SUPERVISOR(A) DE PSICOLOGIA;SUPERVISOR DE PSICOLOGIA;Mįscara N95;PCG UNIVERSAL;1
SUPERVISOR(A) DE TERAPIA OCUPACIONAL;SUPERVISOR DE TERAPIA OCUPACIONAL;SEM EPI;SEM MAPEAMENTO NO PCG;0
SUPERVISOR(A) DE TRANSPORTES;SUPERVISOR DE TRANSPORTES;Mįscara N95;PCG UNIVERSAL;1
SUPERVISOR(A) DO NEP;SUPERVISOR DO NEP;Mįscara N95;PCG UNIVERSAL;1
SUPERVISOR(A) DO NUCLEO DE SEGURANCA DO PACIENTE;SUPERVISOR DO NŚCLEO DE SEGURANĒA DO PACIENTE;SEM EPI;SEM MAPEAMENTO NO PCG;0
SUPERVISOR(A) DO REGISTRO HOSPITALAR DE CANCER;SUPERVISOR DO REGISTRO HOSPITALAR DE CĀNCER;Mįscara N95;PCG UNIVERSAL;1
SUPERVISOR(A) EM INFORMATICA;SUPERVISOR EM INFORMĮTICA;Mįscara N95;PCG UNIVERSAL;1
SUPERVISOR(A) MULTI ASSISTENCIAL;SUPERVISOR MULTI ASSISTENCIAL;SEM EPI;SEM MAPEAMENTO NO PCG;0
SUPERVISOR(A) MULTIPROFISSIONAL;SUPERVISOR MULTIPROFISSIONAL;SEM EPI;SEM MAPEAMENTO NO PCG;0
SUPERVISOR(A) SERVICO SOCIAL;SUPERVISOR SERVIĒO SOCIAL;Mįscara N95;PCG UNIVERSAL;1
SUPERVISOR(A) TECNICO(A);SUPERVISOR TÉCNICO;Mįscara N95;PCG UNIVERSAL;1
SUPERVISORA(A) ADM DIARISTA DA PEDIATRIA;SUPERVISORA ADMINISTRATIVO DIARISTA DA PEDIATRIA;Mįscara N95;PCG UNIVERSAL;1
SUPORTE AO USUARIO;SUPORTE AO USUĮRIO;SEM EPI;SEM MAPEAMENTO NO PCG;0
TECNICO (A) DE ENFERMAGEM DO TRABALHO;TÉCNICO DE ENFERMAGEM DO TRABALHO;Mįscara N95;PCG UNIVERSAL;1
TÉCNICO DE IMOBILIZAĒĆO;TÉCNICO DE IMOBILIZAĒĆO;Mįscara N95;PCG UNIVERSAL;1
TECNICO DE LABORATORIO;TÉCNICO DE LABORATÓRIO;Luva de Lįtex;HEMOMAR;1
TECNICO DE LABORATORIO;TÉCNICO DE LABORATÓRIO;Luva de Lįtex;HEMONŚCLEO - BALSAS;1
TECNICO DE LABORATORIO;TÉCNICO DE LABORATÓRIO;Luva de Lįtex;HEMONŚCLEO - CAXIAS;1
TECNICO DE LABORATORIO;TÉCNICO DE LABORATÓRIO;Luva de Lįtex;HEMONŚCLEO - IMPERATRIZ;1
TECNICO DE LABORATORIO;TÉCNICO DE LABORATÓRIO;Luva de Lįtex;HEMONŚCLEO - PINHEIROS;1
TECNICO DE LABORATORIO;TÉCNICO DE LABORATÓRIO;Luva de Lįtex;HEMONŚCLEO - SANTA INŹS;1
TECNICO DE LABORATORIO;TÉCNICO DE LABORATÓRIO;Luva de Lįtex;HEMONŚCLEO PEDREIRAS;1
TECNICO DE LABORATORIO;TÉCNICO DE LABORATÓRIO;Luva de Lįtex;HOSPITAL DA ILHA;1
TECNICO DE LABORATORIO;TÉCNICO DE LABORATÓRIO;Luva de Lįtex;HOSPITAL MACRORREGIONAL DE CAXIAS;1
TECNICO DE LABORATORIO;TÉCNICO DE LABORATÓRIO;Luva de Lįtex;HOSPITAL PRESIDENTE VARGAS;1
TECNICO DE LABORATORIO;TÉCNICO DE LABORATÓRIO;Luva de Lįtex;HOSPITAL REGIONAL ADÉLIA MATOS FONSECA;1
TECNICO DE LABORATORIO;TÉCNICO DE LABORATÓRIO;Luva de Lįtex;HOSPITAL REGIONAL TIMBIRAS;1
TECNICO DE LABORATORIO;TÉCNICO DE LABORATÓRIO;Luva de Lįtex;LACEN;1
TECNICO DE LABORATORIO;TÉCNICO DE LABORATÓRIO;Luva de Lįtex;UPA - SĆO JOĆO DOS PATOS;1
TECNICO DE LABORATORIO;TÉCNICO DE LABORATÓRIO;Mįscara N95;HEMOMAR;1
TECNICO DE LABORATORIO;TÉCNICO DE LABORATÓRIO;Mįscara N95;HEMONŚCLEO - BALSAS;1
TECNICO DE LABORATORIO;TÉCNICO DE LABORATÓRIO;Mįscara N95;HEMONŚCLEO - CAXIAS;1
TECNICO DE LABORATORIO;TÉCNICO DE LABORATÓRIO;Mįscara N95;HEMONŚCLEO - IMPERATRIZ;1
TECNICO DE LABORATORIO;TÉCNICO DE LABORATÓRIO;Mįscara N95;HEMONŚCLEO - PINHEIROS;1
TECNICO DE LABORATORIO;TÉCNICO DE LABORATÓRIO;Mįscara N95;HEMONŚCLEO - SANTA INŹS;1
TECNICO DE LABORATORIO;TÉCNICO DE LABORATÓRIO;Mįscara N95;HEMONŚCLEO PEDREIRAS;1
TECNICO DE LABORATORIO;TÉCNICO DE LABORATÓRIO;Mįscara N95;HOSPITAL DA ILHA;1
TECNICO DE LABORATORIO;TÉCNICO DE LABORATÓRIO;Mįscara N95;HOSPITAL MACRORREGIONAL DE CAXIAS;1
TECNICO DE LABORATORIO;TÉCNICO DE LABORATÓRIO;Mįscara N95;HOSPITAL PRESIDENTE VARGAS;1
TECNICO DE LABORATORIO;TÉCNICO DE LABORATÓRIO;Mįscara N95;HOSPITAL REGIONAL ADÉLIA MATOS FONSECA;1
TECNICO DE LABORATORIO;TÉCNICO DE LABORATÓRIO;Mįscara N95;HOSPITAL REGIONAL TIMBIRAS;1
TECNICO DE LABORATORIO;TÉCNICO DE LABORATÓRIO;Mįscara N95;LACEN;1
TECNICO DE LABORATORIO;TÉCNICO DE LABORATÓRIO;Mįscara N95;UPA - SĆO JOĆO DOS PATOS;1
TECNICO DE LABORATORIO;TÉCNICO DE LABORATÓRIO;Mįscara N95;PCG UNIVERSAL;1
TECNICO DE NECROPSIA;TÉCNICO DE NECROPSIA;Bota de PVC;HOSPITAL PRESIDENTE VARGAS;1
TECNICO DE NECROPSIA;TÉCNICO DE NECROPSIA;Mįscara N95;HOSPITAL PRESIDENTE VARGAS;1
TECNICO DE NECROPSIA;TÉCNICO DE NECROPSIA;Mįscara N95;SERVIĒO DE VERIFICAĒĆO DE ÓBITOS - IMPERATRIZ;1
TECNICO DE NECROPSIA;TÉCNICO DE NECROPSIA;Bota de PVC;SERVIĒO DE VERIFICAĒĆO DE ÓBITOS - IMPERATRIZ;1
TECNICO DE NECROPSIA;TÉCNICO DE NECROPSIA;Bota de PVC;SVO - SĆO LUĶS;1
TECNICO DE NECROPSIA;TÉCNICO DE NECROPSIA;Mįscara N95;SVO - SĆO LUĶS;1
TECNICO DE NECROPSIA;TÉCNICO DE NECROPSIA;Mįscara N95;PCG UNIVERSAL;1
TECNICO DE NECROPSIA;TÉCNICO DE NECROPSIA;Mįscara N95;UPA - SĆO JOĆO DOS PATOS;1
TECNICO DE NECROPSIA;TÉCNICO DE NECROPSIA;Bota de PVC;UPA - SĆO JOĆO DOS PATOS;1
TECNICO ELETRICISTA;TÉCNICO ELETRICISTA;SEM EPI;SEM MAPEAMENTO NO PCG;0
TECNICO EM HIGIENE BUCAL;TÉCNICO EM HIGIENE BUCAL;Mįscara N95;PCG UNIVERSAL;1
TECNICO EM INFORMATICA;TÉCNICO EM INFORMĮTICA;Mįscara N95;PCG UNIVERSAL;1
TECNICO EM MANUTENĒĆO PREDIAL;TÉCNICO EM MANUTENĒĆO PREDIAL;Mįscara N95;PCG UNIVERSAL;1
TECNICO EM NUTRICAO;TÉCNICO EM NUTRIĒĆO;Mįscara N95;PCG UNIVERSAL;1
TECNICO EM RADIOLOGIA;TÉCNICO EM RADIOLOGIA;Protetores de gōnadas;PCG UNIVERSAL;1
TECNICO EM RADIOLOGIA;TÉCNICO EM RADIOLOGIA;Óculos plumbķferos;PCG UNIVERSAL;1
TECNICO EM RADIOLOGIA;TÉCNICO EM RADIOLOGIA;Protetores de tireoide;PCG UNIVERSAL;1
TECNICO EM RADIOLOGIA;TÉCNICO EM RADIOLOGIA;Avental de chumbo ou plumbķfero;PCG UNIVERSAL;1
TECNICO EM RADIOLOGIA;TÉCNICO EM RADIOLOGIA;Mįscara N95;PCG UNIVERSAL;1
TECNICO EM SEGURANCA DO TRABALHO;TÉCNICO EM SEGURANĒA DO TRABALHO;Mįscara N95;PCG UNIVERSAL;1
TECNICO EM TOMOGRAFIA;TÉCNICO EM TOMOGRAFIA;Mįscara N95;PCG UNIVERSAL;1
TECNICO NIVEL SUPERIOR;TÉCNICO NĶVEL SUPERIOR;Mįscara N95;PCG UNIVERSAL;1
TECNICO(A) DE ENFERMAGEM;TÉCNICO DE ENFERMAGEM;Mįscara N95;HEMONŚCLEO BACABAL;1
TECNICO(A) DE ENFERMAGEM;TÉCNICO DE ENFERMAGEM;Luva Lįtex;HEMONŚCLEO BACABAL;1
TECNICO(A) DE ENFERMAGEM;TÉCNICO DE ENFERMAGEM;Mįscara N95;PCG UNIVERSAL;1
TECNICO(A) DE ENFERMAGEM;TÉCNICO DE ENFERMAGEM;Bota de PVC;SERVIĒO DE VERIFICAĒĆO DE ÓBITOS - IMPERATRIZ;1
TECNICO(A) DE ENFERMAGEM;TÉCNICO DE ENFERMAGEM;Mįscara N95;SERVIĒO DE VERIFICAĒĆO DE ÓBITOS - IMPERATRIZ;1
TECNICO(A) DE ENFERMAGEM DE UTI;TÉCNICO DE ENFERMAGEM DE UTI;Luva Nitrķlica;HOSPITAL REGIONAL DE ALTO ALEGRE DO MARANHĆO;1
TECNICO(A) DE ENFERMAGEM DE UTI;TÉCNICO DE ENFERMAGEM DE UTI;Mįscara 6200;HOSPITAL REGIONAL DE ALTO ALEGRE DO MARANHĆO;1
TECNICO(A) DE ENFERMAGEM DE UTI;TÉCNICO DE ENFERMAGEM DE UTI;Luva Nitrķlica;HOSPITAL REGIONAL DE BARRA DO CORDA;1
TECNICO(A) DE ENFERMAGEM DE UTI;TÉCNICO DE ENFERMAGEM DE UTI;Mįscara 6200;HOSPITAL REGIONAL DE BARRA DO CORDA;1
TECNICO(A) DE ENFERMAGEM DE UTI;TÉCNICO DE ENFERMAGEM DE UTI;Luva Nitrķlica;HOSPITAL REGIONAL DE PERITORÓ;1
TECNICO(A) DE ENFERMAGEM DE UTI;TÉCNICO DE ENFERMAGEM DE UTI;Mįscara 6200;HOSPITAL REGIONAL DE PERITORÓ;1
TECNICO(A) DE ENFERMAGEM DE UTI;TÉCNICO DE ENFERMAGEM DE UTI;Luva Nitrķlica;HOSPITAL REGIONAL DE SANTA LUZIA DO PARUĮ;1
TECNICO(A) DE ENFERMAGEM DE UTI;TÉCNICO DE ENFERMAGEM DE UTI;Mįscara 6200;HOSPITAL REGIONAL DE SANTA LUZIA DO PARUĮ;1
TECNICO(A) DE ENFERMAGEM DE UTI;TÉCNICO DE ENFERMAGEM DE UTI;Mįscara N95;HOSPITAL REGIONAL DE ALTO ALEGRE DO MARANHĆO;1
TECNICO(A) DE ENFERMAGEM DE UTI;TÉCNICO DE ENFERMAGEM DE UTI;Mįscara N95;HOSPITAL REGIONAL DE ALTO ALEGRE DO MARANHĆO;1
TECNICO(A) DE ENFERMAGEM DE UTI;TÉCNICO DE ENFERMAGEM DE UTI;Mįscara N95;HOSPITAL REGIONAL DE BARRA DO CORDA;1
TECNICO(A) DE ENFERMAGEM DE UTI;TÉCNICO DE ENFERMAGEM DE UTI;Mįscara N95;HOSPITAL REGIONAL DE BARRA DO CORDA;1
TECNICO(A) DE ENFERMAGEM DE UTI;TÉCNICO DE ENFERMAGEM DE UTI;Mįscara N95;HOSPITAL REGIONAL DE PERITORÓ;1
TECNICO(A) DE ENFERMAGEM DE UTI;TÉCNICO DE ENFERMAGEM DE UTI;Mįscara N95;HOSPITAL REGIONAL DE PERITORÓ;1
TECNICO(A) DE ENFERMAGEM DE UTI;TÉCNICO DE ENFERMAGEM DE UTI;Mįscara N95;HOSPITAL REGIONAL DE SANTA LUZIA DO PARUĮ;1
TECNICO(A) DE ENFERMAGEM DE UTI;TÉCNICO DE ENFERMAGEM DE UTI;Mįscara N95;HOSPITAL REGIONAL DE SANTA LUZIA DO PARUĮ;1
TECNICO(A) DE ENFERMAGEM DE UTI;TÉCNICO DE ENFERMAGEM DE UTI;Mįscara N95;PCG UNIVERSAL;1
TECNICO(A) DE MEIO AMBIENTE;TÉCNICO DE MEIO AMBIENTE;SEM EPI;SEM MAPEAMENTO NO PCG;0
TECNICO(A) EM ENGENHARIA CLINICA;TÉCNICO EM ENGENHARIA CLĶNICA;SEM EPI;SEM MAPEAMENTO NO PCG;0
TELEFONISTA;TELEFONISTA;Mįscara N95;PCG UNIVERSAL;1
TERAPEUTA OCUPACIONAL;TERAPEUTA OCUPACIONAL;Mįscara N95;PCG UNIVERSAL;1
